,precision,recall,f1-score,support
Normal,0.9510309278350515,0.968503937007874,0.9596879063719116,381.0
Fall,0.9606557377049181,0.9391025641025641,0.9497568881685575,312.0
accuracy,0.9552669552669553,0.9552669552669553,0.9552669552669553,0.9552669552669553
macro avg,0.9558433327699848,0.953803250555219,0.9547223972702346,693.0
weighted avg,0.9553641755686711,0.9552669552669553,0.9552167986093625,693.0
