dataset,loss,accuracy
train,0.173366,0.937872
val,0.178695,0.935065
test,0.169168,0.935065
