dataset,loss,accuracy
train,0.135364,0.950876
val,0.142585,0.949495
test,0.143250,0.950938
