,precision,recall,f1-score,support
Normal,0.9547872340425532,0.9422572178477691,0.9484808454425363,381.0
Fall,0.9305993690851735,0.9455128205128205,0.9379968203497615,312.0
accuracy,0.9437229437229437,0.9437229437229437,0.9437229437229437,0.9437229437229437
macro avg,0.9426933015638633,0.9438850191802948,0.943238832896149,693.0
weighted avg,0.9438974593431267,0.9437229437229437,0.943760764881287,693.0
