,precision,recall,f1-score,support
Normal,0.936231884057971,0.847769028871391,0.8898071625344353,381.0
Fall,0.8333333333333334,0.9294871794871795,0.8787878787878788,312.0
accuracy,0.8845598845598845,0.8845598845598845,0.8845598845598845,0.8845598845598845
macro avg,0.8847826086956522,0.8886281041792853,0.884297520661157,693.0
weighted avg,0.8899052638183071,0.8845598845598845,0.8848460997221327,693.0
