dataset,loss,accuracy
train,0.151342,0.949070
val,0.158423,0.943723
test,0.134517,0.952381
