dataset,loss,accuracy
train,0.193867,0.930107
val,0.194336,0.942280
test,0.148226,0.949495
