dataset,loss,accuracy
train,0.340854,0.875023
val,0.342088,0.867244
test,0.283889,0.891775
