,precision,recall,f1-score,support
Normal,0.9642857142857143,0.7795275590551181,0.8621190130624092,381.0
Fall,0.7818181818181819,0.9647435897435898,0.8637015781922525,312.0
accuracy,0.862914862914863,0.862914862914863,0.862914862914863,0.862914862914863
macro avg,0.8730519480519481,0.872135574399354,0.8629102956273309,693.0
weighted avg,0.882135829538427,0.862914862914863,0.8628315099174034,693.0
