,precision,recall,f1-score,support
Normal,0.9064039408866995,0.9658792650918635,0.9351969504447268,381.0
Fall,0.9547038327526133,0.8782051282051282,0.9148580968280468,312.0
accuracy,0.9264069264069265,0.9264069264069265,0.9264069264069265,0.9264069264069265
macro avg,0.9305538868196563,0.9220421966484958,0.9250275236363867,693.0
weighted avg,0.9281493467484098,0.9264069264069265,0.9260400639679531,693.0
