dataset,loss,accuracy
train,0.120470,0.957378
val,0.139871,0.945166
test,0.134267,0.950938
