epoch,accuracy,loss,val_accuracy,val_loss
0,0.8304135799407959,0.4019789695739746,0.8730158805847168,0.3198341727256775
1,0.8500993251800537,0.3673229217529297,0.8614718317985535,0.30656054615974426
2,0.8508217334747314,0.36762282252311707,0.8715728521347046,0.341736376285553
3,0.8782734274864197,0.3273036777973175,0.8946608901023865,0.28640589118003845
