dataset,loss,accuracy
train,0.110515,0.960087
val,0.175926,0.943723
test,0.172434,0.948052
