,precision,recall,f1-score,support
Normal,0.9037974683544304,0.937007874015748,0.9201030927835051,381.0
Fall,0.9194630872483222,0.8782051282051282,0.898360655737705,312.0
accuracy,0.9105339105339105,0.9105339105339105,0.9105339105339105,0.9105339105339105
macro avg,0.9116302778013763,0.9076065011104382,0.909231874260605,693.0
weighted avg,0.9108503876832821,0.9105339105339105,0.9103142899576904,693.0
