dataset,loss,accuracy
train,0.143711,0.951960
val,0.178258,0.935065
test,0.134217,0.948052
