,precision,recall,f1-score,support
Normal,0.9454545454545454,0.9553805774278216,0.9503916449086162,381.0
Fall,0.9448051948051948,0.9326923076923077,0.9387096774193548,312.0
accuracy,0.9451659451659452,0.9451659451659452,0.9451659451659452,0.9451659451659452
macro avg,0.94512987012987,0.9440364425600647,0.9445506611639856,693.0
weighted avg,0.9451621971102488,0.9451659451659452,0.945132230974057,693.0
